<?xml version="1.0" encoding="UTF-8"?>
<!-- IMPORTANT: This is an internal file that has been generated
     by the Xilinx ISE software.  Any direct editing or
     changes made to this file may result in unpredictable
     behavior or data corruption.  It is strongly advised that
     users do not edit the contents of this file. -->
<DeviceUsageSummary rev="41">
<DesignStatistics TimeStamp="Mon Dec 06 14:49:47 2021"><group name="NetStatistics">
<item name="NumNets_Active" rev="40">
<attrib name="value" value="123"/></item>
<item name="NumNets_Gnd" rev="40">
<attrib name="value" value="1"/></item>
<item name="NumNets_Vcc" rev="40">
<attrib name="value" value="1"/></item>
<item name="NumNodesOfType_Active_BOUNCEIN" rev="40">
<attrib name="value" value="15"/></item>
<item name="NumNodesOfType_Active_BUFGOUT" rev="40">
<attrib name="value" value="1"/></item>
<item name="NumNodesOfType_Active_CLKPIN" rev="40">
<attrib name="value" value="39"/></item>
<item name="NumNodesOfType_Active_CNTRLPIN" rev="40">
<attrib name="value" value="23"/></item>
<item name="NumNodesOfType_Active_DOUBLE" rev="40">
<attrib name="value" value="126"/></item>
<item name="NumNodesOfType_Active_GENERIC" rev="40">
<attrib name="value" value="2"/></item>
<item name="NumNodesOfType_Active_GLOBAL" rev="40">
<attrib name="value" value="5"/></item>
<item name="NumNodesOfType_Active_HUNIHEX" rev="40">
<attrib name="value" value="3"/></item>
<item name="NumNodesOfType_Active_INPUT" rev="40">
<attrib name="value" value="204"/></item>
<item name="NumNodesOfType_Active_IOBIN2OUT" rev="40">
<attrib name="value" value="7"/></item>
<item name="NumNodesOfType_Active_IOBINPUT" rev="40">
<attrib name="value" value="11"/></item>
<item name="NumNodesOfType_Active_IOBOUTPUT" rev="40">
<attrib name="value" value="18"/></item>
<item name="NumNodesOfType_Active_OMUX" rev="40">
<attrib name="value" value="114"/></item>
<item name="NumNodesOfType_Active_OUTBOUND" rev="40">
<attrib name="value" value="78"/></item>
<item name="NumNodesOfType_Active_OUTPUT" rev="40">
<attrib name="value" value="95"/></item>
<item name="NumNodesOfType_Active_PADINPUT" rev="40">
<attrib name="value" value="11"/></item>
<item name="NumNodesOfType_Active_PADOUTPUT" rev="40">
<attrib name="value" value="7"/></item>
<item name="NumNodesOfType_Active_PINBOUNCE" rev="40">
<attrib name="value" value="18"/></item>
<item name="NumNodesOfType_Active_PINFEED" rev="40">
<attrib name="value" value="256"/></item>
<item name="NumNodesOfType_Active_VLONG" rev="40">
<attrib name="value" value="2"/></item>
<item name="NumNodesOfType_Active_VUNIHEX" rev="40">
<attrib name="value" value="9"/></item>
<item name="NumNodesOfType_Gnd_BOUNCEIN" rev="40">
<attrib name="value" value="6"/></item>
<item name="NumNodesOfType_Gnd_HGNDOUT" rev="40">
<attrib name="value" value="4"/></item>
<item name="NumNodesOfType_Gnd_INPUT" rev="40">
<attrib name="value" value="7"/></item>
<item name="NumNodesOfType_Gnd_IOBINPUT" rev="40">
<attrib name="value" value="2"/></item>
<item name="NumNodesOfType_Gnd_IOBOUTPUT" rev="40">
<attrib name="value" value="2"/></item>
<item name="NumNodesOfType_Gnd_PADINPUT" rev="40">
<attrib name="value" value="2"/></item>
<item name="NumNodesOfType_Gnd_PINBOUNCE" rev="40">
<attrib name="value" value="1"/></item>
<item name="NumNodesOfType_Gnd_PINFEED" rev="40">
<attrib name="value" value="8"/></item>
</group>
<group name="SiteStatistics">
<item name="BUFG-BUFGCTRL" rev="40">
<attrib name="value" value="1"/></item>
<item name="IOB-IOBM" rev="40">
<attrib name="value" value="11"/></item>
<item name="IOB-IOBS" rev="40">
<attrib name="value" value="8"/></item>
<item name="IOB-LOWCAPIOB" rev="40">
<attrib name="value" value="2"/></item>
<item name="SLICEL-SLICEM" rev="40">
<attrib name="value" value="27"/></item>
</group>
<group name="MiscellaneousStatistics">
<item name="AGG_BONDED_IO" rev="41">
<attrib name="value" value="21"/></item>
<item name="AGG_IO" rev="41">
<attrib name="value" value="21"/></item>
<item name="AGG_SLICE" rev="41">
<attrib name="value" value="48"/></item>
<item name="NUM_4_INPUT_LUT" rev="41">
<attrib name="value" value="80"/></item>
<item name="NUM_BONDED_IOB" rev="41">
<attrib name="value" value="21"/></item>
<item name="NUM_BUFG" rev="41">
<attrib name="value" value="1"/></item>
<item name="NUM_CYMUX" rev="41">
<attrib name="value" value="39"/></item>
<item name="NUM_LUT_RT" rev="41">
<attrib name="value" value="31"/></item>
<item name="NUM_SLICEL" rev="41">
<attrib name="value" value="48"/></item>
<item name="NUM_SLICE_FF" rev="41">
<attrib name="value" value="52"/></item>
<item name="NUM_XOR" rev="41">
<attrib name="value" value="32"/></item>
</group>
</DesignStatistics>
<ReportConfigData TimeStamp="Fri Dec 03 11:44:13 2021"><group name="SLICEL_CYMUXF">
<item name="0" rev="40">
<attrib name="0" value="20"/><attrib name="0_INV" value="0"/></item>
<item name="1" rev="40">
<attrib name="1_INV" value="0"/><attrib name="1" value="20"/></item>
</group>
<group name="SLICEL_CYMUXG">
<item name="0" rev="40">
<attrib name="0" value="19"/><attrib name="0_INV" value="0"/></item>
</group>
<group name="DCM_ADV_DCM_ADV">
<item name="BGM_CONFIG_REF_SEL" rev="40">
<attrib name="CLKIN" value="4"/></item>
<item name="BGM_DIVIDE" rev="40">
<attrib name="16" value="4"/></item>
<item name="BGM_LDLY" rev="40">
<attrib name="5" value="4"/></item>
<item name="BGM_MODE" rev="40">
<attrib name="BG_SNAPSHOT" value="4"/></item>
<item name="BGM_MULTIPLY" rev="40">
<attrib name="16" value="4"/></item>
<item name="BGM_SAMPLE_LEN" rev="40">
<attrib name="2" value="4"/></item>
<item name="BGM_SDLY" rev="40">
<attrib name="3" value="4"/></item>
<item name="BGM_VADJ" rev="40">
<attrib name="5" value="4"/></item>
<item name="BGM_VLDLY" rev="40">
<attrib name="7" value="4"/></item>
<item name="BGM_VSDLY" rev="40">
<attrib name="0" value="4"/></item>
<item name="CLKDV_DIVIDE" rev="40">
<attrib name="2.0" value="4"/></item>
<item name="CLKFX_DIVIDE" rev="40">
<attrib name="1" value="4"/></item>
<item name="CLKFX_MULTIPLY" rev="40">
<attrib name="4" value="4"/></item>
<item name="CLKIN_DIVIDE_BY_2" rev="40">
<attrib name="TRUE" value="4"/></item>
<item name="CLKOUT_PHASE_SHIFT" rev="40">
<attrib name="FIXED" value="4"/></item>
<item name="CLK_FEEDBACK" rev="40">
<attrib name="1X" value="4"/></item>
<item name="CTLMODE" rev="40">
<attrib name="CTLMODE" value="4"/><attrib name="CTLMODE_INV" value="0"/></item>
<item name="DCM_CLKDV_CLKFX_ALIGNMENT" rev="40">
<attrib name="TRUE" value="4"/></item>
<item name="DCM_EXT_FB_EN" rev="40">
<attrib name="FALSE" value="4"/></item>
<item name="DCM_LOCK_HIGH" rev="40">
<attrib name="FALSE" value="4"/></item>
<item name="DCM_PERFORMANCE_MODE" rev="40">
<attrib name="MAX_SPEED" value="4"/></item>
<item name="DCM_UNUSED_TAPS_POWERDOWN" rev="40">
<attrib name="FALSE" value="4"/></item>
<item name="DCM_VREF_SOURCE" rev="40">
<attrib name="VBG_DLL" value="4"/></item>
<item name="DCM_VREG_ENABLE" rev="40">
<attrib name="FALSE" value="4"/></item>
<item name="DESKEW_ADJUST" rev="40">
<attrib name="17" value="4"/></item>
<item name="DFS_AVE_FREQ_ADJ_INTERVAL" rev="40">
<attrib name="3" value="4"/></item>
<item name="DFS_AVE_FREQ_GAIN" rev="40">
<attrib name="2.0" value="4"/></item>
<item name="DFS_AVE_FREQ_SAMPLE_INTERVAL" rev="40">
<attrib name="2" value="4"/></item>
<item name="DFS_COARSE_SEL" rev="40">
<attrib name="LEGACY" value="4"/></item>
<item name="DFS_EARLY_LOCK" rev="40">
<attrib name="FALSE" value="4"/></item>
<item name="DFS_EN_RELRST" rev="40">
<attrib name="TRUE" value="4"/></item>
<item name="DFS_EXTEND_FLUSH_TIME" rev="40">
<attrib name="FALSE" value="4"/></item>
<item name="DFS_EXTEND_HALT_TIME" rev="40">
<attrib name="FALSE" value="4"/></item>
<item name="DFS_EXTEND_RUN_TIME" rev="40">
<attrib name="FALSE" value="4"/></item>
<item name="DFS_FINE_SEL" rev="40">
<attrib name="LEGACY" value="4"/></item>
<item name="DFS_FREQUENCY_MODE" rev="40">
<attrib name="LOW" value="4"/></item>
<item name="DFS_NON_STOP" rev="40">
<attrib name="FALSE" value="4"/></item>
<item name="DFS_OSCILLATOR_MODE" rev="40">
<attrib name="PHASE_FREQ_LOCK" value="4"/></item>
<item name="DFS_SKIP_FINE" rev="40">
<attrib name="FALSE" value="4"/></item>
<item name="DFS_TP_SEL" rev="40">
<attrib name="LEVEL" value="4"/></item>
<item name="DFS_TRACKMODE" rev="40">
<attrib name="1" value="4"/></item>
<item name="DLL_CONTROL_CLOCK_SPEED" rev="40">
<attrib name="HALF" value="4"/></item>
<item name="DLL_CTL_SEL_CLKIN_DIV2" rev="40">
<attrib name="FALSE" value="4"/></item>
<item name="DLL_DESKEW_LOCK_BY1" rev="40">
<attrib name="FALSE" value="4"/></item>
<item name="DLL_FREQUENCY_MODE" rev="40">
<attrib name="LOW" value="4"/></item>
<item name="DLL_PD_DLY_SEL" rev="40">
<attrib name="0" value="4"/></item>
<item name="DLL_PERIOD_LOCK_BY1" rev="40">
<attrib name="FALSE" value="4"/></item>
<item name="DLL_PHASE_DETECTOR_AUTO_RESET" rev="40">
<attrib name="TRUE" value="4"/></item>
<item name="DLL_PHASE_DETECTOR_MODE" rev="40">
<attrib name="ENHANCED" value="4"/></item>
<item name="DLL_PHASE_SHIFT_CALIBRATION" rev="40">
<attrib name="AUTO_DPS" value="4"/></item>
<item name="DLL_PHASE_SHIFT_LOCK_BY1" rev="40">
<attrib name="FALSE" value="4"/></item>
<item name="DUTY_CYCLE_CORRECTION" rev="40">
<attrib name="TRUE" value="4"/></item>
<item name="PMCD_SYNC" rev="40">
<attrib name="FALSE" value="4"/></item>
<item name="PSEN" rev="40">
<attrib name="PSEN_INV" value="4"/><attrib name="PSEN" value="0"/></item>
<item name="STARTUP_WAIT" rev="40">
<attrib name="FALSE" value="4"/></item>
</group>
<group name="SLICEL">
<item name="BX" rev="40">
<attrib name="BX_INV" value="0"/><attrib name="BX" value="6"/></item>
<item name="BY" rev="40">
<attrib name="BY" value="6"/><attrib name="BY_INV" value="1"/></item>
<item name="CE" rev="40">
<attrib name="CE" value="1"/><attrib name="CE_INV" value="0"/></item>
<item name="CIN" rev="40">
<attrib name="CIN_INV" value="0"/><attrib name="CIN" value="18"/></item>
<item name="CLK" rev="40">
<attrib name="CLK" value="27"/><attrib name="CLK_INV" value="4"/></item>
<item name="SR" rev="40">
<attrib name="SR" value="22"/><attrib name="SR_INV" value="0"/></item>
</group>
<group name="SLICEL_FFX">
<item name="CK" rev="40">
<attrib name="CK" value="21"/><attrib name="CK_INV" value="3"/></item>
<item name="D" rev="40">
<attrib name="D" value="24"/><attrib name="D_INV" value="0"/></item>
<item name="FFX_INIT_ATTR" rev="40">
<attrib name="INIT0" value="22"/><attrib name="INIT1" value="2"/></item>
<item name="FFX_SR_ATTR" rev="40">
<attrib name="SRLOW" value="23"/><attrib name="SRHIGH" value="1"/></item>
<item name="LATCH_OR_FF" rev="40">
<attrib name="FF" value="24"/></item>
<item name="SR" rev="40">
<attrib name="SR" value="17"/><attrib name="SR_INV" value="0"/></item>
<item name="SYNC_ATTR" rev="40">
<attrib name="ASYNC" value="7"/><attrib name="SYNC" value="17"/></item>
</group>
<group name="SLICEL_XORF">
<item name="1" rev="40">
<attrib name="1_INV" value="0"/><attrib name="1" value="16"/></item>
</group>
<group name="SLICEL_FFY">
<item name="CE" rev="40">
<attrib name="CE" value="1"/><attrib name="CE_INV" value="0"/></item>
<item name="CK" rev="40">
<attrib name="CK" value="27"/><attrib name="CK_INV" value="1"/></item>
<item name="D" rev="40">
<attrib name="D" value="27"/><attrib name="D_INV" value="1"/></item>
<item name="FFY_INIT_ATTR" rev="40">
<attrib name="INIT0" value="28"/></item>
<item name="FFY_SR_ATTR" rev="40">
<attrib name="SRLOW" value="28"/></item>
<item name="LATCH_OR_FF" rev="40">
<attrib name="FF" value="28"/></item>
<item name="SR" rev="40">
<attrib name="SR" value="21"/><attrib name="SR_INV" value="0"/></item>
<item name="SYNC_ATTR" rev="40">
<attrib name="ASYNC" value="7"/><attrib name="SYNC" value="21"/></item>
</group>
<group name="SLICEL_F5MUX">
<item name="S0" rev="40">
<attrib name="S0" value="2"/><attrib name="S0_INV" value="0"/></item>
</group>
<group name="DCM_ADV">
<item name="CTLMODE" rev="40">
<attrib name="CTLMODE" value="4"/><attrib name="CTLMODE_INV" value="0"/></item>
<item name="PSEN" rev="40">
<attrib name="PSEN_INV" value="4"/><attrib name="PSEN" value="0"/></item>
</group>
<group name="OLOGIC_OFF1">
<item name="CK" rev="37">
<attrib name="CK" value="7"/><attrib name="CK_INV" value="0"/></item>
<item name="D" rev="37">
<attrib name="D" value="7"/><attrib name="D_INV" value="0"/></item>
<item name="INIT_OQ" rev="37">
<attrib name="0" value="7"/></item>
<item name="LATCH_OR_FF" rev="37">
<attrib name="FF" value="7"/></item>
<item name="SR" rev="37">
<attrib name="SR" value="1"/><attrib name="SR_INV" value="0"/></item>
<item name="SRTYPE_OQ" rev="37">
<attrib name="SYNC" value="1"/></item>
<item name="SRVAL_OQ" rev="37">
<attrib name="0" value="1"/></item>
</group>
<group name="IOB_PAD">
<item name="DRIVEATTRBOX" rev="40">
<attrib name="12" value="14"/></item>
<item name="IOATTRBOX" rev="40">
<attrib name="LVCMOS25" value="21"/></item>
<item name="SLEW" rev="40">
<attrib name="SLOW" value="14"/></item>
</group>
<group name="OLOGIC">
<item name="CLK" rev="37">
<attrib name="CLK" value="7"/><attrib name="CLK_INV" value="0"/></item>
<item name="D1" rev="37">
<attrib name="D1" value="7"/><attrib name="D1_INV" value="0"/></item>
<item name="SR" rev="37">
<attrib name="SR" value="1"/><attrib name="SR_INV" value="0"/></item>
</group>
</ReportConfigData>
<ReportPinData TimeStamp="Fri Dec 03 11:44:13 2021"><group name="SLICEL_CYMUXF">
<item name="0" rev="40">
<attrib name="value" value="20"/></item>
<item name="1" rev="40">
<attrib name="value" value="20"/></item>
<item name="OUT" rev="40">
<attrib name="value" value="20"/></item>
<item name="S0" rev="40">
<attrib name="value" value="20"/></item>
</group>
<group name="SLICEL_CYMUXG">
<item name="0" rev="40">
<attrib name="value" value="19"/></item>
<item name="1" rev="40">
<attrib name="value" value="19"/></item>
<item name="OUT" rev="40">
<attrib name="value" value="19"/></item>
<item name="S0" rev="40">
<attrib name="value" value="19"/></item>
</group>
<group name="BUFG_GCLK_BUFFER">
<item name="IN" rev="40">
<attrib name="value" value="1"/></item>
<item name="OUT" rev="40">
<attrib name="value" value="1"/></item>
</group>
<group name="DCM_ADV_DCM_ADV">
<item name="CLK0" rev="40">
<attrib name="value" value="4"/></item>
<item name="CLKFB" rev="40">
<attrib name="value" value="4"/></item>
<item name="CLKIN" rev="40">
<attrib name="value" value="4"/></item>
<item name="CTLMODE" rev="40">
<attrib name="value" value="4"/></item>
<item name="PSEN" rev="40">
<attrib name="value" value="4"/></item>
</group>
<group name="SLICEL">
<item name="BX" rev="40">
<attrib name="value" value="6"/></item>
<item name="BY" rev="40">
<attrib name="value" value="7"/></item>
<item name="CE" rev="40">
<attrib name="value" value="1"/></item>
<item name="CIN" rev="40">
<attrib name="value" value="18"/></item>
<item name="CLK" rev="40">
<attrib name="value" value="31"/></item>
<item name="COUT" rev="40">
<attrib name="value" value="19"/></item>
<item name="F1" rev="40">
<attrib name="value" value="35"/></item>
<item name="F2" rev="40">
<attrib name="value" value="19"/></item>
<item name="F3" rev="40">
<attrib name="value" value="19"/></item>
<item name="F4" rev="40">
<attrib name="value" value="18"/></item>
<item name="G1" rev="40">
<attrib name="value" value="36"/></item>
<item name="G2" rev="40">
<attrib name="value" value="20"/></item>
<item name="G3" rev="40">
<attrib name="value" value="18"/></item>
<item name="G4" rev="40">
<attrib name="value" value="13"/></item>
<item name="SR" rev="40">
<attrib name="value" value="22"/></item>
<item name="X" rev="40">
<attrib name="value" value="7"/></item>
<item name="XMUX" rev="40">
<attrib name="value" value="2"/></item>
<item name="XQ" rev="40">
<attrib name="value" value="24"/></item>
<item name="Y" rev="40">
<attrib name="value" value="9"/></item>
<item name="YQ" rev="40">
<attrib name="value" value="28"/></item>
</group>
<group name="IOB_OUTBUF">
<item name="IN" rev="40">
<attrib name="value" value="14"/></item>
<item name="OUT" rev="40">
<attrib name="value" value="14"/></item>
</group>
<group name="PMV_PMV">
<item name="A0" rev="40">
<attrib name="value" value="1"/></item>
<item name="A1" rev="40">
<attrib name="value" value="1"/></item>
<item name="A2" rev="40">
<attrib name="value" value="1"/></item>
<item name="A3" rev="40">
<attrib name="value" value="1"/></item>
<item name="A4" rev="40">
<attrib name="value" value="1"/></item>
<item name="A5" rev="40">
<attrib name="value" value="1"/></item>
<item name="EN" rev="40">
<attrib name="value" value="1"/></item>
<item name="ODIV4" rev="40">
<attrib name="value" value="1"/></item>
</group>
<group name="IOB_INBUF">
<item name="OUT" rev="40">
<attrib name="value" value="7"/></item>
<item name="PAD" rev="40">
<attrib name="value" value="7"/></item>
</group>
<group name="SLICEL_FFX">
<item name="CK" rev="40">
<attrib name="value" value="24"/></item>
<item name="D" rev="40">
<attrib name="value" value="24"/></item>
<item name="Q" rev="40">
<attrib name="value" value="24"/></item>
<item name="SR" rev="40">
<attrib name="value" value="17"/></item>
</group>
<group name="SLICEL_XORF">
<item name="0" rev="40">
<attrib name="value" value="16"/></item>
<item name="1" rev="40">
<attrib name="value" value="16"/></item>
<item name="O" rev="40">
<attrib name="value" value="16"/></item>
</group>
<group name="SLICEL_FFY">
<item name="CE" rev="40">
<attrib name="value" value="1"/></item>
<item name="CK" rev="40">
<attrib name="value" value="28"/></item>
<item name="D" rev="40">
<attrib name="value" value="28"/></item>
<item name="Q" rev="40">
<attrib name="value" value="28"/></item>
<item name="SR" rev="40">
<attrib name="value" value="21"/></item>
</group>
<group name="SLICEL_XORG">
<item name="0" rev="40">
<attrib name="value" value="16"/></item>
<item name="1" rev="40">
<attrib name="value" value="16"/></item>
<item name="O" rev="40">
<attrib name="value" value="16"/></item>
</group>
<group name="SLICEL_F5MUX">
<item name="0" rev="40">
<attrib name="value" value="2"/></item>
<item name="1" rev="40">
<attrib name="value" value="2"/></item>
<item name="OUT" rev="40">
<attrib name="value" value="2"/></item>
<item name="S0" rev="40">
<attrib name="value" value="2"/></item>
</group>
<group name="DCM_ADV">
<item name="CLK0" rev="40">
<attrib name="value" value="4"/></item>
<item name="CLKFB" rev="40">
<attrib name="value" value="4"/></item>
<item name="CLKIN" rev="40">
<attrib name="value" value="4"/></item>
<item name="CTLMODE" rev="40">
<attrib name="value" value="4"/></item>
<item name="PSEN" rev="40">
<attrib name="value" value="4"/></item>
</group>
<group name="OLOGIC_OFF1">
<item name="CK" rev="37">
<attrib name="value" value="7"/></item>
<item name="D" rev="37">
<attrib name="value" value="7"/></item>
<item name="Q" rev="37">
<attrib name="value" value="7"/></item>
<item name="SR" rev="37">
<attrib name="value" value="1"/></item>
</group>
<group name="IOB_PAD">
<item name="PAD" rev="40">
<attrib name="value" value="21"/></item>
</group>
<group name="PMV">
<item name="A0" rev="40">
<attrib name="value" value="1"/></item>
<item name="A1" rev="40">
<attrib name="value" value="1"/></item>
<item name="A2" rev="40">
<attrib name="value" value="1"/></item>
<item name="A3" rev="40">
<attrib name="value" value="1"/></item>
<item name="A4" rev="40">
<attrib name="value" value="1"/></item>
<item name="A5" rev="40">
<attrib name="value" value="1"/></item>
<item name="EN" rev="40">
<attrib name="value" value="1"/></item>
<item name="ODIV4" rev="40">
<attrib name="value" value="1"/></item>
</group>
<group name="IOB">
<item name="I" rev="40">
<attrib name="value" value="7"/></item>
<item name="O" rev="40">
<attrib name="value" value="14"/></item>
<item name="PAD" rev="40">
<attrib name="value" value="21"/></item>
</group>
<group name="SLICEL_C1VDD">
<item name="1" rev="40">
<attrib name="value" value="1"/></item>
</group>
<group name="OLOGIC">
<item name="CLK" rev="37">
<attrib name="value" value="7"/></item>
<item name="D1" rev="37">
<attrib name="value" value="7"/></item>
<item name="OQ" rev="37">
<attrib name="value" value="7"/></item>
<item name="SR" rev="37">
<attrib name="value" value="1"/></item>
</group>
<group name="BUFG">
<item name="I0" rev="40">
<attrib name="value" value="1"/></item>
<item name="O" rev="40">
<attrib name="value" value="1"/></item>
</group>
<group name="SLICEL_F">
<item name="A1" rev="40">
<attrib name="value" value="35"/></item>
<item name="A2" rev="40">
<attrib name="value" value="19"/></item>
<item name="A3" rev="40">
<attrib name="value" value="19"/></item>
<item name="A4" rev="40">
<attrib name="value" value="18"/></item>
<item name="D" rev="40">
<attrib name="value" value="35"/></item>
</group>
<group name="SLICEL_G">
<item name="A1" rev="40">
<attrib name="value" value="36"/></item>
<item name="A2" rev="40">
<attrib name="value" value="20"/></item>
<item name="A3" rev="40">
<attrib name="value" value="18"/></item>
<item name="A4" rev="40">
<attrib name="value" value="13"/></item>
<item name="D" rev="40">
<attrib name="value" value="36"/></item>
</group>
<group name="SLICEL_GNDF">
<item name="0" rev="40">
<attrib name="value" value="19"/></item>
</group>
<group name="SLICEL_GNDG">
<item name="0" rev="40">
<attrib name="value" value="19"/></item>
</group>
</ReportPinData>
<CmdHistory>
</CmdHistory>
</DeviceUsageSummary>
